category,sales_date,total_sales,year,month,week_of_year,quarter,category_code,lag_1_week,lag_4_week,forecasted_sales,avg_weekly_demand,safety_stock_units,reorder_point_units
Furniture,2018-10-15,6243.91,2018,10,42,4,0,1891.25,8611.54,3932.7712,4560.23,1384.83,5945.06
Furniture,2018-10-22,5757.6,2018,10,43,4,0,6243.91,8494.13,4002.4202,4560.23,1384.83,5945.06
Furniture,2018-10-29,2891.84,2018,10,44,4,0,5757.6,1829.83,3299.997,4560.23,1384.83,5945.06
Furniture,2018-11-05,2811.93,2018,11,45,4,0,2891.84,1891.25,3443.8826,4560.23,1384.83,5945.06
Furniture,2018-11-12,4838.47,2018,11,46,4,0,2811.93,6243.91,4906.6963,4560.23,1384.83,5945.06
Furniture,2018-11-19,7207.63,2018,11,47,4,0,4838.47,5757.6,5259.014,4560.23,1384.83,5945.06
Furniture,2018-11-26,6914.900000000001,2018,11,48,4,0,7207.63,2891.84,5936.495,4560.23,1384.83,5945.06
Furniture,2018-12-03,9384.22,2018,12,49,4,0,6914.900000000001,2811.93,5054.926,4560.23,1384.83,5945.06
Furniture,2018-12-10,6631.950000000001,2018,12,50,4,0,9384.22,4838.47,5707.696,4560.23,1384.83,5945.06
Furniture,2018-12-17,3441.6,2018,12,51,4,0,6631.950000000001,7207.63,4590.2563,4560.23,1384.83,5945.06
Furniture,2018-12-24,7274.04,2018,12,52,4,0,3441.6,6914.900000000001,4333.2466,4560.23,1384.83,5945.06
Furniture,2018-12-31,4037.5699999999997,2018,12,1,4,0,7274.04,9384.22,4255.3237,4560.23,1384.83,5945.06
Office Supplies,2018-10-15,10920.97,2018,10,42,4,1,2686.62,9795.0,3864.1042,4751.83,2231.23,6983.06
Office Supplies,2018-10-22,5157.07,2018,10,43,4,1,10920.97,8739.65,4082.1777,4751.83,2231.23,6983.06
Office Supplies,2018-10-29,1307.25,2018,10,44,4,1,5157.07,3104.98,3849.2837,4751.83,2231.23,6983.06
Office Supplies,2018-11-05,3466.02,2018,11,45,4,1,1307.25,2686.62,3547.976,4751.83,2231.23,6983.06
Office Supplies,2018-11-12,5818.12,2018,11,46,4,1,3466.02,10920.97,4867.1045,4751.83,2231.23,6983.06
Office Supplies,2018-11-19,11015.83,2018,11,47,4,1,5818.12,5157.07,5352.5737,4751.83,2231.23,6983.06
Office Supplies,2018-11-26,5122.57,2018,11,48,4,1,11015.83,1307.25,6837.5337,4751.83,2231.23,6983.06
Office Supplies,2018-12-03,3970.6800000000003,2018,12,49,4,1,5122.57,3466.02,4559.394,4751.83,2231.23,6983.06
Office Supplies,2018-12-10,2682.8,2018,12,50,4,1,3970.6800000000003,5818.12,5231.592,4751.83,2231.23,6983.06
Office Supplies,2018-12-17,3594.69,2018,12,51,4,1,2682.8,11015.83,7497.3853,4751.83,2231.23,6983.06
Office Supplies,2018-12-24,10527.380000000001,2018,12,52,4,1,3594.69,5122.57,4596.054,4751.83,2231.23,6983.06
Office Supplies,2018-12-31,3966.5,2018,12,1,4,1,10527.380000000001,3970.6800000000003,2736.7627,4751.83,2231.23,6983.06
Technology,2018-10-15,3020.3,2018,10,42,4,2,2353.33,8398.55,3898.4238,4932.07,2271.85,7203.92
Technology,2018-10-22,16497.12,2018,10,43,4,2,3020.3,10341.86,3690.818,4932.07,2271.85,7203.92
Technology,2018-10-29,2224.26,2018,10,44,4,2,16497.12,910.81,4211.012,4932.07,2271.85,7203.92
Technology,2018-11-05,2256.23,2018,11,45,4,2,2224.26,2353.33,3115.3215,4932.07,2271.85,7203.92
Technology,2018-11-12,2766.16,2018,11,46,4,2,2256.23,3020.3,4683.0337,4932.07,2271.85,7203.92
Technology,2018-11-19,16834.84,2018,11,47,4,2,2766.16,16497.12,5873.007,4932.07,2271.85,7203.92
Technology,2018-11-26,7826.21,2018,11,48,4,2,16834.84,2224.26,5221.3257,4932.07,2271.85,7203.92
Technology,2018-12-03,3515.27,2018,12,49,4,2,7826.21,2256.23,4210.619,4932.07,2271.85,7203.92
Technology,2018-12-10,3219.09,2018,12,50,4,2,3515.27,2766.16,5347.573,4932.07,2271.85,7203.92
Technology,2018-12-17,3547.09,2018,12,51,4,2,3219.09,16834.84,7466.9297,4932.07,2271.85,7203.92
Technology,2018-12-24,5860.93,2018,12,52,4,2,3547.09,7826.21,7312.99,4932.07,2271.85,7203.92
Technology,2018-12-31,973.76,2018,12,1,4,2,5860.93,3515.27,4153.8335,4932.07,2271.85,7203.92
